<site>
 <posts>
  <post caption="Post 2" categories="" dateModified="08/09/2014 13:06:15" name="post-2" status="published" tags="" title="Conse ctetur" titleInBrowser="Conse ctetur">
   <pageHead></pageHead>
   <content>&lt;div class="art-content-layout"&gt;
    &lt;div class="art-content-layout-row"&gt;
    &lt;div class="art-layout-cell" style="padding-right: 10px;padding-left: 10px; width:100%" &gt;
        &lt;div class="image-caption-wrapper" style="width: 60%; float: left"&gt;&lt;img src="61c23.jpg" style="width: 100%; max-width:600px" alt="an image" class="art-lightbox"&gt;&lt;p&gt;Image by Flickr/Raven Underwood&lt;/p&gt;&lt;/div&gt;&lt;p&gt;&lt;span style="font-weight: bold;"&gt;Elit augue ut pulvinar ut posuere pellentesque tincidunt ante cum. &lt;/span&gt;&lt;/p&gt;&lt;p&gt;Massa ut blandit in a ac luctus consectetuer non dolor. Vestibulum iaculis sit arcu phasellus nec euismod id. Quis felis dolor ad. Ligula nec nibh suscipit erat non egestas iaculis nullam vel. Ullamcorper mollis. In aliquam convallis sit ac mollis dolor mauris pede tincidunt urna. Viverra eget euismod ac donec in montes ut.&lt;!--CUT--&gt;  Mollis lorem egestas nisi tortor malesuada metus. Commodo phasellus rutrum ac leo a nec metus pretium. Egestas odio non. Sit turpis sit tristique sed primis ante. Phasellus tortor non adipiscing mollis egestas justo mauris turpis sem. Aliquet nunc varius eleifend vel viverra diam felis leo.&lt;/p&gt;&lt;p&gt;&lt;a href="#" class="art-button"&gt;Read more →&lt;/a&gt;&lt;/p&gt;
    &lt;/div&gt;
    &lt;/div&gt;
&lt;/div&gt;
</content>
   <layout>
    <struct>&lt;div class="art-content-layout"&gt;
    &lt;div class="art-content-layout-row"&gt;
    &lt;div class="art-layout-cell" style="padding-right: 10px;padding-left: 10px; width:100%" &gt;
        {content}
    &lt;/div&gt;
    &lt;/div&gt;
&lt;/div&gt;
</struct>
    <contents>
     <content>&lt;div class="image-caption-wrapper" style="width: 60%; float: left"&gt;&lt;img src="61c23.jpg" style="width: 100%; max-width:600px" alt="an image" class="art-lightbox"&gt;&lt;p&gt;Image by Flickr/Raven Underwood&lt;/p&gt;&lt;/div&gt;&lt;p&gt;&lt;span style="font-weight: bold;"&gt;Elit augue ut pulvinar ut posuere pellentesque tincidunt ante cum. &lt;/span&gt;&lt;/p&gt;&lt;p&gt;Massa ut blandit in a ac luctus consectetuer non dolor. Vestibulum iaculis sit arcu phasellus nec euismod id. Quis felis dolor ad. Ligula nec nibh suscipit erat non egestas iaculis nullam vel. Ullamcorper mollis. In aliquam convallis sit ac mollis dolor mauris pede tincidunt urna. Viverra eget euismod ac donec in montes ut.  Mollis lorem egestas nisi tortor malesuada metus. Commodo phasellus rutrum ac leo a nec metus pretium. Egestas odio non. Sit turpis sit tristique sed primis ante. Phasellus tortor non adipiscing mollis egestas justo mauris turpis sem. Aliquet nunc varius eleifend vel viverra diam felis leo.&lt;/p&gt;&lt;p&gt;&lt;a href="#" class="art-button"&gt;Read more →&lt;/a&gt;&lt;/p&gt;</content>
    </contents>
   </layout>
  </post>
  <post caption="Post" categories="" dateModified="11/28/2012 05:38:26" name="post" status="published" tags="" title="Lorem ipsum" titleInBrowser="Lorem ipsum">
   <pageHead></pageHead>
   <content>&lt;div class="art-content-layout"&gt;
    &lt;div class="art-content-layout-row"&gt;
    &lt;div class="art-layout-cell" style="padding-right: 10px;padding-left: 10px; width:100%" &gt;
        &lt;div class="image-caption-wrapper" style="width: 55%; float: left"&gt;&lt;img alt="an-image" style="width: 100%; max-width:360px" class="art-lightbox" src="shutterstock_62287657-01-3.jpg"&gt;&lt;/div&gt;
        &lt;h1&gt;Heading 1&lt;/h1&gt;
        &lt;h2&gt;Heading 2&lt;/h2&gt;
        &lt;h3&gt;Heading 3&lt;/h3&gt;
        &lt;h4&gt;Heading 4&lt;/h4&gt;
        &lt;h5&gt;Heading 5&lt;/h5&gt;
        &lt;h6&gt;Heading 6&lt;/h6&gt;
        &lt;p&gt;Lorem dolor&amp;nbsp;amet, consectetuer adipiscing elit. Nullam dignissim convallis est. Quisque aliquam. &lt;cite&gt;cite&lt;/cite&gt;. Nunc iaculis suscipit dui. Nam sit amet sem. Aliquam libero nisi, imperdiet at, tincidunt nec, gravida vehicula, nisl.&lt;/p&gt;
        
        &lt;blockquote&gt;
        This stylesheet is going to help so freaking much.&lt;!--CUT--&gt;&lt;br&gt;
         -Blockquote
        &lt;/blockquote&gt;
        
        &lt;ul&gt;
        &lt;li&gt;List Item 1&lt;/li&gt;
        &lt;li&gt;List Item 2&lt;/li&gt;
        &lt;li&gt;List Item 3&lt;/li&gt;
        &lt;/ul&gt;
        
         
         
         
         
         
         
         
         
         
         
         
         
         
         
         
         
         
         
         
         
         
         
        &lt;table class="art-article"&gt;&lt;tbody&gt;&lt;tr&gt;&lt;th&gt;Header&lt;/th&gt;&lt;th&gt;Header&lt;/th&gt;&lt;th&gt;Header&lt;/th&gt;&lt;/tr&gt;&lt;tr&gt;&lt;td&gt;Data&lt;/td&gt;&lt;td&gt;Data&lt;/td&gt;&lt;td&gt;Data&lt;/td&gt;&lt;/tr&gt;&lt;tr class="even"&gt;&lt;td&gt;Data&lt;/td&gt;&lt;td&gt;Data&lt;/td&gt;&lt;td&gt;Data&lt;/td&gt;&lt;/tr&gt;&lt;tr&gt;&lt;td&gt;Data&lt;/td&gt;&lt;td&gt;Data&lt;/td&gt;&lt;td&gt;Data&lt;/td&gt;&lt;/tr&gt;&lt;/tbody&gt;&lt;/table&gt;
    &lt;/div&gt;
    &lt;/div&gt;
&lt;/div&gt;
</content>
   <layout>
    <struct>&lt;div class="art-content-layout"&gt;
    &lt;div class="art-content-layout-row"&gt;
    &lt;div class="art-layout-cell" style="padding-right: 10px;padding-left: 10px; width:100%" &gt;
        {content}
    &lt;/div&gt;
    &lt;/div&gt;
&lt;/div&gt;
</struct>
    <contents>
     <content>&lt;div class="image-caption-wrapper" style="width: 55%; float: left"&gt;&lt;img alt="an-image" style="width: 100%; max-width:360px" class="art-lightbox" src="shutterstock_62287657-01-3.jpg"&gt;&lt;/div&gt;
&lt;h1&gt;Heading 1&lt;/h1&gt;
&lt;h2&gt;Heading 2&lt;/h2&gt;
&lt;h3&gt;Heading 3&lt;/h3&gt;
&lt;h4&gt;Heading 4&lt;/h4&gt;
&lt;h5&gt;Heading 5&lt;/h5&gt;
&lt;h6&gt;Heading 6&lt;/h6&gt;
&lt;p&gt;Lorem dolor&amp;nbsp;amet, consectetuer adipiscing elit. Nullam dignissim convallis est. Quisque aliquam. &lt;cite&gt;cite&lt;/cite&gt;. Nunc iaculis suscipit dui. Nam sit amet sem. Aliquam libero nisi, imperdiet at, tincidunt nec, gravida vehicula, nisl.&lt;/p&gt;

&lt;blockquote&gt;
This stylesheet is going to help so freaking much.&lt;br&gt;
 -Blockquote
&lt;/blockquote&gt;

&lt;ul&gt;
&lt;li&gt;List Item 1&lt;/li&gt;
&lt;li&gt;List Item 2&lt;/li&gt;
&lt;li&gt;List Item 3&lt;/li&gt;
&lt;/ul&gt;

 
 
 
 
 
 
 
 
 
 
 
 
 
 
 
 
 
 
 
 
 
 
&lt;table class="art-article"&gt;&lt;tbody&gt;&lt;tr&gt;&lt;th&gt;Header&lt;/th&gt;&lt;th&gt;Header&lt;/th&gt;&lt;th&gt;Header&lt;/th&gt;&lt;/tr&gt;&lt;tr&gt;&lt;td&gt;Data&lt;/td&gt;&lt;td&gt;Data&lt;/td&gt;&lt;td&gt;Data&lt;/td&gt;&lt;/tr&gt;&lt;tr class="even"&gt;&lt;td&gt;Data&lt;/td&gt;&lt;td&gt;Data&lt;/td&gt;&lt;td&gt;Data&lt;/td&gt;&lt;/tr&gt;&lt;tr&gt;&lt;td&gt;Data&lt;/td&gt;&lt;td&gt;Data&lt;/td&gt;&lt;td&gt;Data&lt;/td&gt;&lt;/tr&gt;&lt;/tbody&gt;&lt;/table&gt;</content>
    </contents>
   </layout>
  </post>
 </posts>
 <pages customHeadHtml="">
  <page author="" caption="Home" customHeadHtml="" dateModified="08/09/2014 00:51:10" description="" keywords="" metaTags="" name="home" path="/home" showInHmenu="True" showInVmenu="True" showTitle="True" title="Home" titleInBrowser="Home">
   <pageHead></pageHead>
   <content>&lt;div class="art-content-layout"&gt;
    &lt;div class="art-content-layout-row"&gt;
    &lt;div class="art-layout-cell" style="padding-right: 10px;padding-left: 10px; width:100%" &gt;
        &lt;div class="image-caption-wrapper" style="width: 55%; float: left"&gt;&lt;img alt="an image" style="width: 100%; max-width: 600px; " class="art-lightbox" src="45051.jpg"&gt;&lt;p&gt;Image by Flickr/Tanya Zagumenov&lt;/p&gt;&lt;/div&gt;
        &lt;p&gt;Enter Page content here...&lt;/p&gt;
        &lt;p&gt;Lorem ipsum dolor sit amet, consectetur adipiscing elit. Etiam pharetra, tellus sit amet congue vulputate, nisi erat iaculis nibh, vitae feugiat sapien ante eget mauris.&amp;nbsp;Aenean sollicitudin imperdiet arcu, vitae dignissim est posuere id.&lt;/p&gt;
        &lt;p&gt;&lt;a href="#"&gt;Read more&lt;/a&gt;&lt;/p&gt;
    &lt;/div&gt;
    &lt;/div&gt;
&lt;/div&gt;
&lt;div class="art-content-layout"&gt;
    &lt;div class="art-content-layout-row"&gt;
    &lt;div class="art-layout-cell" style="padding-right: 10px;padding-left: 10px; width:50%" &gt;
        &lt;ul&gt;
        &lt;li&gt;Suspendisse pharetra auctor pharetra. Nunc a sollicitudin est.&lt;/li&gt;
        &lt;li&gt;Donec vel neque in neque porta venenatis sed sit amet lectus.&lt;/li&gt;
        &lt;li&gt;Curabitur ullamcorper gravida felis, sit amet scelerisque lorem iaculis sed.&lt;/li&gt;
        &lt;/ul&gt;
    &lt;/div&gt;&lt;div class="art-layout-cell" style="padding-right: 10px;padding-left: 10px; width:50%" &gt;
        &lt;blockquote style="margin: 10px 0"&gt;Nunc a sollicitudin est. Curabitur ullamcorper gravida felis, sit amet scelerisque lorem iaculis sed. Donec vel neque in neque porta venenatis sed sit amet lectus.&lt;/blockquote&gt;
    &lt;/div&gt;
    &lt;/div&gt;
&lt;/div&gt;
</content>
   <layout>
    <struct>&lt;div class="art-content-layout"&gt;
    &lt;div class="art-content-layout-row"&gt;
    &lt;div class="art-layout-cell" style="padding-right: 10px;padding-left: 10px; width:100%" &gt;
        {content}
    &lt;/div&gt;
    &lt;/div&gt;
&lt;/div&gt;
&lt;div class="art-content-layout"&gt;
    &lt;div class="art-content-layout-row"&gt;
    &lt;div class="art-layout-cell" style="padding-right: 10px;padding-left: 10px; width:50%" &gt;
        {content}
    &lt;/div&gt;&lt;div class="art-layout-cell" style="padding-right: 10px;padding-left: 10px; width:50%" &gt;
        {content}
    &lt;/div&gt;
    &lt;/div&gt;
&lt;/div&gt;
</struct>
    <contents>
     <content>&lt;div class="image-caption-wrapper" style="width: 55%; float: left"&gt;&lt;img alt="an image" style="width: 100%; max-width: 600px; " class="art-lightbox" src="45051.jpg"&gt;&lt;p&gt;Image by Flickr/Tanya Zagumenov&lt;/p&gt;&lt;/div&gt;
&lt;p&gt;Enter Page content here...&lt;/p&gt;
&lt;p&gt;Lorem ipsum dolor sit amet, consectetur adipiscing elit. Etiam pharetra, tellus sit amet congue vulputate, nisi erat iaculis nibh, vitae feugiat sapien ante eget mauris.&amp;nbsp;Aenean sollicitudin imperdiet arcu, vitae dignissim est posuere id.&lt;/p&gt;
&lt;p&gt;&lt;a href="#"&gt;Read more&lt;/a&gt;&lt;/p&gt;</content>
     <content>&lt;ul&gt;
&lt;li&gt;Suspendisse pharetra auctor pharetra. Nunc a sollicitudin est.&lt;/li&gt;
&lt;li&gt;Donec vel neque in neque porta venenatis sed sit amet lectus.&lt;/li&gt;
&lt;li&gt;Curabitur ullamcorper gravida felis, sit amet scelerisque lorem iaculis sed.&lt;/li&gt;
&lt;/ul&gt;</content>
     <content>&lt;blockquote style="margin: 10px 0"&gt;Nunc a sollicitudin est. Curabitur ullamcorper gravida felis, sit amet scelerisque lorem iaculis sed. Donec vel neque in neque porta venenatis sed sit amet lectus.&lt;/blockquote&gt;</content>
    </contents>
   </layout>
   <pages>
    <page author="" caption="Subpage 1" customHeadHtml="" dateModified="07/13/2012 04:26:17" description="" keywords="" metaTags="" name="new-page" path="/home/new-page" showInHmenu="True" showInVmenu="True" showTitle="True" title="Subpage 1" titleInBrowser="Subpage 1">
     <pageHead></pageHead>
     <content>&lt;div class="art-content-layout"&gt;
    &lt;div class="art-content-layout-row"&gt;
    &lt;div class="art-layout-cell" style="padding-right: 10px;padding-left: 10px; width:100%" &gt;
        &lt;p&gt;&lt;br /&gt;&lt;/p&gt;
    &lt;/div&gt;
    &lt;/div&gt;
&lt;/div&gt;
</content>
     <layout>
      <struct>&lt;div class="art-content-layout"&gt;
    &lt;div class="art-content-layout-row"&gt;
    &lt;div class="art-layout-cell" style="padding-right: 10px;padding-left: 10px; width:100%" &gt;
        {content}
    &lt;/div&gt;
    &lt;/div&gt;
&lt;/div&gt;
</struct>
      <contents>
       <content>&lt;p&gt;&lt;br /&gt;&lt;/p&gt;</content>
      </contents>
     </layout>
    </page>
    <page author="" caption="Subpage 2" customHeadHtml="" dateModified="07/13/2012 04:26:24" description="" keywords="" metaTags="" name="new-page-2" path="/home/new-page-2" showInHmenu="True" showInVmenu="True" showTitle="True" title="Subpage 2" titleInBrowser="Subpage 2">
     <pageHead></pageHead>
     <content>&lt;div class="art-content-layout"&gt;
    &lt;div class="art-content-layout-row"&gt;
    &lt;div class="art-layout-cell" style="padding-right: 10px;padding-left: 10px; width:100%" &gt;
        &lt;p&gt;&lt;br /&gt;&lt;/p&gt;
    &lt;/div&gt;
    &lt;/div&gt;
&lt;/div&gt;
</content>
     <layout>
      <struct>&lt;div class="art-content-layout"&gt;
    &lt;div class="art-content-layout-row"&gt;
    &lt;div class="art-layout-cell" style="padding-right: 10px;padding-left: 10px; width:100%" &gt;
        {content}
    &lt;/div&gt;
    &lt;/div&gt;
&lt;/div&gt;
</struct>
      <contents>
       <content>&lt;p&gt;&lt;br /&gt;&lt;/p&gt;</content>
      </contents>
     </layout>
    </page>
    <page author="" caption="Subpage 3" customHeadHtml="" dateModified="07/13/2012 04:26:28" description="" keywords="" metaTags="" name="new-page-3" path="/home/new-page-3" showInHmenu="True" showInVmenu="True" showTitle="True" title="Subpage 3" titleInBrowser="Subpage 3">
     <pageHead></pageHead>
     <content>&lt;div class="art-content-layout"&gt;
    &lt;div class="art-content-layout-row"&gt;
    &lt;div class="art-layout-cell" style="padding-right: 10px;padding-left: 10px; width:100%" &gt;
        &lt;p&gt;&lt;br /&gt;&lt;/p&gt;
    &lt;/div&gt;
    &lt;/div&gt;
&lt;/div&gt;
</content>
     <layout>
      <struct>&lt;div class="art-content-layout"&gt;
    &lt;div class="art-content-layout-row"&gt;
    &lt;div class="art-layout-cell" style="padding-right: 10px;padding-left: 10px; width:100%" &gt;
        {content}
    &lt;/div&gt;
    &lt;/div&gt;
&lt;/div&gt;
</struct>
      <contents>
       <content>&lt;p&gt;&lt;br /&gt;&lt;/p&gt;</content>
      </contents>
     </layout>
    </page>
   </pages>
  </page>
  <page author="" caption="Blog" customHeadHtml="" dateModified="01/01/0001 00:00:00" description="" keywords="" metaTags="" name="blog" path="/blog" posts_page="true" showInHmenu="True" showInVmenu="True" showTitle="True" title="Blog Page" titleInBrowser="Blog Page">
   <pageHead></pageHead>
   <content>&lt;article class="art-post art-article"&gt;
                                &lt;h2 class="art-postheader"&gt;&lt;a href="#"&gt;Conse ctetur&lt;/a&gt;
                                &lt;/h2&gt;
                                                &lt;div class="art-postmetadataheader"&gt;
                                        &lt;div class="art-postheadericons art-metadata-icons"&gt;
                        &lt;span class="art-postdateicon"&gt;&lt;/span&gt;
                         | &lt;span class="art-postauthoricon"&gt; &lt;a href="#" title="Posts by Admin"&gt;Admin&lt;/a&gt;&lt;/span&gt;
                         | &lt;span class="art-postediticon"&gt;&lt;/span&gt;
                                            &lt;/div&gt;
                                    &lt;/div&gt;
                                &lt;div class="art-postcontent art-postcontent-0 clearfix" &gt;
&lt;div class="art-content-layout"&gt;
&lt;div class="art-content-layout-row"&gt;
&lt;div class="art-layout-cell" style="padding-right: 10px;padding-left: 10px; width:100%"&gt;
&lt;div class="image-caption-wrapper" style="width: 60%; float: left"&gt;&lt;img src="61c23.jpg" style="width: 100%; max-width:600px" alt="an image" class="art-lightbox"&gt;&lt;p&gt;Image by Flickr/Raven Underwood&lt;/p&gt;&lt;/div&gt;&lt;p&gt;&lt;span style="font-weight: bold;"&gt;Elit augue ut pulvinar ut posuere pellentesque tincidunt ante cum.&lt;/span&gt;&lt;/p&gt;&lt;p&gt;Massa ut blandit in a ac luctus consectetuer non dolor. Vestibulum iaculis sit arcu phasellus nec euismod id. Quis felis dolor ad. Ligula nec nibh suscipit erat non egestas iaculis nullam vel. Ullamcorper mollis. In aliquam convallis sit ac mollis dolor mauris pede tincidunt urna. Viverra eget euismod ac donec in montes ut.&lt;/p&gt;&lt;/div&gt;&lt;/div&gt;&lt;/div&gt;&lt;br /&gt;&lt;a href="#"&gt;Read more...&lt;/a&gt;
                &lt;/div&gt;

&lt;/article&gt;
&lt;article class="art-post art-article"&gt;
                                &lt;h2 class="art-postheader"&gt;&lt;a href="#"&gt;Lorem ipsum&lt;/a&gt;
                                &lt;/h2&gt;
                                                &lt;div class="art-postmetadataheader"&gt;
                                        &lt;div class="art-postheadericons art-metadata-icons"&gt;
                        &lt;span class="art-postdateicon"&gt;&lt;/span&gt;
                         | &lt;span class="art-postauthoricon"&gt; &lt;a href="#" title="Posts by Admin"&gt;Admin&lt;/a&gt;&lt;/span&gt;
                         | &lt;span class="art-postediticon"&gt;&lt;/span&gt;
                                            &lt;/div&gt;
                                    &lt;/div&gt;
                                &lt;div class="art-postcontent art-postcontent-1 clearfix" &gt;
&lt;div class="art-content-layout"&gt;
&lt;div class="art-content-layout-row"&gt;
&lt;div class="art-layout-cell" style="padding-right: 10px;padding-left: 10px; width:100%"&gt;
&lt;div class="image-caption-wrapper" style="width: 55%; float: left"&gt;&lt;img alt="an-image" style="width: 100%; max-width:360px" class="art-lightbox" src="shutterstock_62287657-01-3.jpg"&gt;&lt;/div&gt;
&lt;h1&gt;Heading 1&lt;/h1&gt;
&lt;h2&gt;Heading 2&lt;/h2&gt;
&lt;h3&gt;Heading 3&lt;/h3&gt;
&lt;h4&gt;Heading 4&lt;/h4&gt;
&lt;h5&gt;Heading 5&lt;/h5&gt;
&lt;h6&gt;Heading 6&lt;/h6&gt;
&lt;p&gt;Lorem dolor&amp;nbsp;amet, consectetuer adipiscing elit. Nullam dignissim convallis est. Quisque aliquam. &lt;cite&gt;cite&lt;/cite&gt;. Nunc iaculis suscipit dui. Nam sit amet sem. Aliquam libero nisi, imperdiet at, tincidunt nec, gravida vehicula, nisl.&lt;/p&gt;
 
&lt;blockquote&gt;
 This stylesheet is going to help so freaking much.&lt;/blockquote&gt;&lt;/div&gt;&lt;/div&gt;&lt;/div&gt;&lt;br /&gt;&lt;a href="#"&gt;Read more...&lt;/a&gt;
                &lt;/div&gt;

&lt;/article&gt;
</content>
   <layout>
    <struct>{content}</struct>
    <contents>
     <content></content>
    </contents>
   </layout>
  </page>
 </pages>
 <sidebars>
  <sidebar caption="" name="sidebar1">
   <block name="text-1" position="0" title="Block">
    <content>&lt;p&gt;Enter Block content here...&lt;/p&gt;
&lt;br&gt;
&lt;p&gt;Lorem ipsum dolor sit amet, consectetur adipiscing elit. Etiam pharetra, tellus sit amet congue vulputate, nisi erat iaculis nibh, vitae feugiat sapien ante eget mauris.&lt;/p&gt;</content>
    <pageHead></pageHead>
   </block>
  </sidebar>
  <sidebar caption="" name="sidebar2">
   <widget name="search-2" position="0" title="Search">
    <content>&lt;div&gt;
  &lt;form action="#" class="art-search" method="get" name="searchform"&gt;
    &lt;input type="text" value="" name="s" /&gt;
    &lt;input type="submit" value="Search" name="search" class="art-search-button" /&gt;
  &lt;/form&gt;
&lt;/div&gt;</content>
    <pageHead></pageHead>
   </widget>
   <widget name="login-2" position="1" title="Login Form">
    <content>&lt;form action="#" method="post" name="login" id="form-login"&gt;
  &lt;fieldset class="input" style="border: 0 none;"&gt;
    &lt;p id="form-login-username"&gt;
      &lt;label for="modlgn_username"&gt;Username&lt;/label&gt;
      &lt;br /&gt;
      &lt;input id="modlgn_username" type="text" name="username" class="inputbox" alt="username" style="width:100%" /&gt;
    &lt;/p&gt;
    &lt;p id="form-login-password"&gt;
      &lt;label for="modlgn_passwd"&gt;Password&lt;/label&gt;
      &lt;br /&gt;
      &lt;input id="modlgn_passwd" type="password" name="passwd" class="inputbox" size="18" alt="password" style="width:100%" /&gt;
    &lt;/p&gt;
    &lt;p id="form-login-remember"&gt;
      &lt;label class="art-checkbox"&gt;
      &lt;input type="checkbox" id="modlgn_remember" name="remember" value="yes" alt="Remember Me" /&gt;Remember Me
      &lt;/label&gt;
    &lt;/p&gt;
    &lt;input type="submit" value="Login" name="Submit" class="art-button" /&gt;    
  &lt;/fieldset&gt;
  &lt;ul&gt;
    &lt;li&gt;
      &lt;a href="#"&gt;Forgot your password?&lt;/a&gt;
    &lt;/li&gt;
    &lt;li&gt;
      &lt;a href="#"&gt;Forgot your username?&lt;/a&gt;
    &lt;/li&gt;
    &lt;li&gt;
      &lt;a href="#"&gt;Create an account&lt;/a&gt;
    &lt;/li&gt;
  &lt;/ul&gt;
&lt;/form&gt;</content>
    <pageHead></pageHead>
   </widget>
   <widget name="links-2" position="2" title="Blogroll">
    <content>&lt;div&gt;
  &lt;ul&gt;
    &lt;li&gt;
      &lt;a href="#"&gt;My first blog&lt;/a&gt;
    &lt;/li&gt;
    &lt;li&gt;
      &lt;a href="#"&gt;Who will prevail?&lt;/a&gt;
    &lt;/li&gt;
    &lt;li&gt;
      &lt;a href="#"&gt;Stay positive!&lt;/a&gt;
    &lt;/li&gt;
    &lt;li&gt;
      &lt;a href="#"&gt;Oil still going up&lt;/a&gt;
    &lt;/li&gt;
    &lt;li&gt;
      &lt;a href="#"&gt;Gripes and Grins&lt;/a&gt;
    &lt;/li&gt;
    &lt;li&gt;
      &lt;a href="#"&gt;2012 Olympics&lt;/a&gt;
    &lt;/li&gt;
    &lt;li&gt;
      &lt;a href="#"&gt;How to SEO&lt;/a&gt;
    &lt;/li&gt;
    &lt;li&gt;
      &lt;a href="#"&gt;On Global Warming&lt;/a&gt;
    &lt;/li&gt;
    &lt;li&gt;
      &lt;a href="#"&gt;Can you guess?&lt;/a&gt;
    &lt;/li&gt;
  &lt;/ul&gt;
&lt;/div&gt;</content>
    <pageHead></pageHead>
   </widget>
   <widget name="categories-2" position="3" title="Categories">
    <content>&lt;div&gt;
  &lt;p&gt;Lorem ipsum dolor sit amet. Nam sit amet sem. Mauris a ante.&lt;/p&gt;
  &lt;ul&gt;
    &lt;li&gt;
      &lt;a href="#" title="All News"&gt;All News&lt;/a&gt; (50)
    &lt;/li&gt;
    &lt;li&gt;
      &lt;a href="#" title="Best of the Year"&gt;Best of the Year&lt;/a&gt; (4)
    &lt;/li&gt;
    &lt;li&gt;
      &lt;a href="#" title="Hyperlink"&gt;Hyperlink&lt;/a&gt; (24)
    &lt;/li&gt;
    &lt;li&gt;
      &lt;a href="#" title="Visited link" class="visited"&gt;Visited link&lt;/a&gt; (17)
    &lt;/li&gt;
    &lt;li&gt;
      &lt;a href="#" title="Hovered link" class="hover"&gt;Hovered link&lt;/a&gt; (6)
    &lt;/li&gt;
  &lt;/ul&gt;
&lt;/div&gt;</content>
    <pageHead></pageHead>
   </widget>
   <widget name="archives-2" position="4" title="Archives">
    <content>&lt;div&gt;
  &lt;ul&gt;
    &lt;li&gt;
      &lt;a href="#" title="November 2008"&gt;November 2008&lt;/a&gt;
    &lt;/li&gt;
    &lt;li&gt;
      &lt;a href="#" title="October 2008"&gt;October 2008&lt;/a&gt;
    &lt;/li&gt;
    &lt;li&gt;
      &lt;a href="#" title="September 2008"&gt;September 2008&lt;/a&gt;
    &lt;/li&gt;
    &lt;li&gt;
      &lt;a href="#" title="June 2008"&gt;June 2008&lt;/a&gt;
    &lt;/li&gt;
  &lt;/ul&gt;
&lt;/div&gt;</content>
    <pageHead></pageHead>
   </widget>
  </sidebar>
  <sidebar caption="" name="content-before" />
  <sidebar caption="" name="content-after" />
 </sidebars>
</site>